Orgcode,Name,TwoOrFourYear
5801,Aarts Operations Ctr  ,4
6001,Abilene Christian University  ,4
5001,Abraham Baldwin Coll  ,4
1981,Academy Art College  ,4
4001,Adams State Univeristy,4
5002,Agnes Scott College  ,4
$1 ,Ai Miami Intl University of Art & Design,4
5037,Aiken Technical College  ,2
**AL,Al al-Bayt University -Jordan  ,4
1644,Alabama Sthrn Cmty C  ,2
5005,Alderson-Broaddus College  ,4
5006,Allen University  ,4
1012,Alverno College  ,4
6006,Amarillo College  ,4
4987,American Armn Intl C  ,4
3856,American Institute of El Salvador,4
2486,American Intercontinental University,4
**0015,American Public University System,4
4004,American River Coll  ,4
2688,American University in Dubai  ,4
3003,Amherst College  ,4
1015,Ancilla College  ,4
1016,Anderson University  ,4
5008,Anderson University  ,4
5009,Andrew College  ,4
6025,Angelina Coll  ,4
999901,Anhui Medical University,4
5019,Anne Arundel C C  ,4
5010,Appalachian St Univ  ,4
1420,Arizona State Univ  ,4
782,Arkansas St U Beebe  ,4
6010,Arkansas Tech Univ  ,2
**AASU,Armstrong Atlantic State University,4
5429,Art Institute Atlnta  ,4
**ART,Art Institute of California-Hollywood,4
5583,Art Institute of Charleston  ,4
3834,Art Institute of Charlotte  ,4
2029,Art Institute Pittsb  ,4
469,Artic Sivunmun Ilsgv  ,4
5033,Asheville Buncombe Tech,2
1021,Ashland University  ,4
7354,Athabasca University,4
462,Athens Technical College  ,2
1005,Auburn University  ,4
5336,Augusta College  ,4
**ASTU,Augusta State University  ,4
6759,Austin Cmty Coll Tx  ,2
1028,Austin Peay St Univ  ,4
806,Baker Coll Flint  ,4
1050,Baldwin-Wallace Coll  ,4
1051,Ball State Univ  ,4
5051,Baltimore City Cc  ,2
1052,Barat Coll  ,4
2037,Bard Coll  ,4
2038,Barnard C Columbia U  ,4
784,Barton Co Cmty Coll  ,2
5070,Bauder College  ,4
**Germ,Bavarian State Ministry  ,4
**BACM,Baylor College of Medicine  ,4
2039,Beaver Coll  ,4
6053,Bellevue University  ,4
5055,Belmont Abbey Coll  ,4
1058,Belmont University  ,4
5056,Benedict College  ,4
5058,Bennett College Nc  ,4
2032,Bergen Cmty Coll  ,2
3107,Berklee Coll Music  ,4
4021,Bethany College  ,4
1079,Bethel College In  ,4
723,Bevill St Cc Brewer  ,2
213,Bevill St Cc Walker  ,2
4024,Big Bend Cmty Coll  ,2
1064,Birminghm-Sthrn Coll  ,4
6043,Blinn College  ,4
2646,Bloomsburg Univ Pa  ,4
5083,Blue Ridge Cmty Coll  ,2
5644,Blue Ridge Cmty Coll  ,2
5064,Bluefield St Coll  ,4
5065,Bob Jones University  ,4
2691,Borough Manhattn C C  ,4
787,Bossier Parish Cc  ,2
1069,Bowling Green State University  ,4
5066,Brenau Univ  ,4
5067,Brevard College  ,4
5069,Bridgewater Coll  ,4
4019,Brigham Young U Ut  ,4
2181,Brookdale Cmty Coll  ,2
6070,Brookhaven College  ,4
5074,Broward Cc Ft Lauder  ,2
5735,Broward Community Co  ,2
5036,"Broward Community College, Central",2
1908,Bryan College  ,4
2066,Bucks Co Cmty Coll  ,2
2533,Buffalo State Coll  ,4
2180,Burlington Co Coll  ,2
6191,Butler Co Cmty Coll  ,2
1073,Butler University  ,4
4136,C C Southern Nevada  ,4
7102,Cad Institute  ,4
999996,CAEL,4
4671,Cal St U Sacramento  ,4
5146,Caldwell C C Tech In  ,2
2072,Caldwell Coll  ,4
1356,Calhoun Cmty Coll  ,2
4094,Calif Baptist Coll  ,4
**CALU,California Lutheran College  ,4
2647,California Univ Pa  ,4
2121,Camden Co Coll  ,4
5100,Campbell University  ,4
3289,Cape Cod Cmty Coll  ,2
5094,Cape Fear Cmty Coll  ,2
*00017,Capella University  ,4
5797,Carroll Cmty College  ,2
1102,Carson-Newman University,4
5098,Catawba Vly Cmty Clg  ,2
8308,Cecil Cmty Coll  ,2
740,Central Appl Centre  ,4
5665,Central Carolina Tech  ,2
5102,Central Piedmont C C,2
5147,Centrl Caro Comm Col  ,2
5127,Centrl Florida C C  ,2
1106,Centrl Michigan Univ  ,4
4090,Centrl Oregon C C  ,2
6130,Centrl Texas Coll  ,4
5141,Centrl Virginia C C  ,2
6388,Century College  ,4
4046,Chaffey Cmty College  ,2
535,Chandler Gilbert Cc  ,2
4047,Chapman University  ,4
1225,Charles S Mott C C  ,2
216208,Charles University,4
5079,Charleston Southern Univ  ,4
2081,Chatham Coll  ,4
5441,Chattahoochee Tech I  ,2
1187,Chattahoochee Vly Cc  ,2
1084,Chattanooga State,4
5107,Chowan College  ,4
1121,Christian Bros Univ  ,4
5108,Citadel The  ,4
4052,City Coll San Frnsco  ,4
5109,Claflin University  ,4
6097,Clarendon Coll  ,4
5110,Clark Atlanta Univ  ,2
777,Clark St Cmty Coll  ,2
5142,Clearwater Christn C  ,4
5111,Clemson University  ,4
**0006,CLEP  ,4
5140,Cleveland Community College  ,2
2848,Cleveland State Cc  ,2
2135,Clinton Cmty Coll Ny  ,2
5743,Clinton College,4
3733,Cmty Coll Rhode Is  ,2
5134,Coastal Carolina C C  ,2
5837,Coastal Carolina Univ  ,4
**0000,Coastal Georgia Community College,2
4097,Cochise Coll  ,4
6101,Coe College  ,4
6102,Coffeyville Cmty C  ,2
5112,Coker College  ,4
6129,Colby Community Coll  ,2
4117,Coll Canyons  ,4
4085,Coll Desert  ,4
1983,Coll Lake County  ,4
2089,Coll Of New Rochelle  ,4
4071,Coll Of The Sequoias  ,4
2778,Coll Staten Island  ,4
5115,Coll William Mary Va  ,4
5113,College Of Charleston,4
1083,College Of Dupage  ,4
5144,College of Southern Maryland,4
9976,College of the Ouachitas,4
1951,Collin Co Cmty Coll  ,2
4659,Colorado Chr Univ  ,4
4112,Colorado Mt C Glnwds  ,4
4075,Colorado St Univ  ,4
4611,Colorado State University-Pueblo,4
4108,Columbia College  ,4
1135,Columbia College Il  ,4
5117,Columbia College Sc  ,4
5116,Columbia Interntl U  ,4
1081,Columbia St Cmty Col  ,2
5123,Columbus State University  ,4
3286,Comm Coll Of Vermont  ,2
2063,Community College of Baltimore County,2
3408,Community College of Rhode Island,2
**0020,Concord University,4
1094,Concordia College Mi  ,4
1142,Copiah-Lincoln C C  ,2
4121,Cosumnes River Coll  ,4
6120,Cottey College  ,4
2124,County Coll Morris  ,4
**COVE,Covenant College  ,4
6008,Cowley County Cmty C  ,2
4126,Crafton Hills Coll  ,4
5148,Craven Cmty Coll  ,2
6639,Crown College  ,4
1146,Cumberland Univ  ,4
5139,Dabney Lancaster Cmty College  ,2
21002,Dallas College,4
5167,Dalton College  ,4
1160,Danville Area Cmty C  ,2
5163,Danville Cmty Coll  ,2
5026,Darton College  ,4
1161,David Lipscomb Univ  ,4
5170,Davidson-Davie Community College,2
5159,Daytona  State College,4
5711,Dekalb College  ,4
2125,Delaware County C C  ,2
6176,Delgado Cmty Coll  ,2
1816,Delta College  ,4
**0027,Demoratic Socialist Republic of Sri Lanka,4
5744,Denmark Tech Coll  ,2
11673,Dixie Academy  ,4
4283,Dixie College  ,4
6169,Drury College  ,4
2196,Duquesne University  ,4
2198,Dutchess Cmty Coll  ,2
5180,East Carolina Univ  ,4
1196,East Cntrl Cmty Coll  ,2
5200,East Georgia College  ,4
1198,East Tenn State Univ  ,4
5073,Eastern Florida State College,4
1201,Eastern Michigan Unv  ,4
4299,Eastern Nm Univ Port  ,4
1200,Eastrn Kentucky Univ  ,4
5223,Eckerd College  ,4
**ECPI,ECPI College of Technology-Greenville,2
***023,Edexcel Limited  ,4
6854,Edge Hill University,4
5191,Edison Cmty Coll  ,2
1191,Edison State Cmty C  ,2
1211,Elizabethtown C C  ,2
5183,Elon University  ,4
5190,Embry-Riddle Aero Un  ,4
3367,Emerson College  ,4
5184,Emmanuel Coll Ga  ,4
3368,Emmanuel College  ,4
5187,Emory U  ,4
3369,Endicott College  ,4
2213,Erie C C City Camp  ,2
5188,Erskine College  ,4
5192,Essex Cmty Coll  ,2
2237,Essex Co College  ,4
3810,Estrella Mountain Community College,2
6198,Evangel College  ,4
2255,Fairlegh Diknsn Ruth  ,4
2257,Fashion Inst Tech  ,2
4457,Fashn Inst Dsgn Mrch  ,4
1034,Faulkner University  ,4
5212,Fayetteville St Univ  ,4
5208,Fayetteville Tech Cc  ,2
2134,Finger Lakes Cc  ,2
5235,Flagler College  ,4
5207,Florence-Darlington TechnicalCollege,2
5229,Florida Atlantic Unv  ,4
5209,Florida Bapt Theo C  ,4
5377,Florida Gateway College  ,4
5221,Florida Gulf Coast U  ,4
5206,Florida Internationl  ,4
5236,Florida Keys C C  ,2
5218,Florida Southern Col  ,4
5232,Florida State College at Jacksonville,4
5219,Florida State Univ  ,4
5237,Floyd College  ,4
2259,Fordham University,4
999111,Foreign College,4
5234,Forsyth Tech Cmty Co  ,2
5220,Fort Valley St Coll  ,4
747,Fox Valley Tech Coll  ,2
5442,Francis Marion Univ - Admissions,4
1229,Franklin University  ,4
5230,Frederick Cmty Coll  ,2
1230,Freed-Hardeman Univ  ,4
6219,Ft Scott Cmty Col  ,2
5222,Furman University  ,4
5240,Gallaudet University  ,4
2270,Gannon University  ,4
5242,Gardner Webb Univ  ,4
5262,Gaston College  ,4
2272,Genesee Cmty Coll  ,2
2540,Geneseo College  ,4
1264,Geo C Wallc S Cc Dot  ,2
5827,George Mason Univers  ,4
5246,George Washington U  ,4
1249,Georgetown College  ,4
5244,Georgetown Univ  ,4
5252,Georgia College  ,4
5249,Georgia Military Col  ,4
2860,Georgia Northwestern TechinalCollege,2
**5711,Georgia Perimeter College  ,4
5251,Georgia St Univ  ,4
5253,Georgia Sthrn Univ  ,4
8660,Germanna Cmty Coll,2
4338,Glendale C C Az  ,2
**GOET,Goethe Institut  ,4
5257,Goucher College  ,4
1252,Grace College  ,4
6250,Grambling St Univ  ,4
4331,Grand Canyon Univ  ,4
1254,Grand Rapids C C  ,2
6251,Grand View College  ,4
3418,Green Mountain Coll  ,4
3420,Greenfield Cmty Coll  ,2
5278,Greenville Technical College,2
4334,Grossmont Cmty Coll  ,2
5275,Guilford Tech Cmty C  ,2
5271,Gulf Coast Cmty Coll  ,2
6265,Hamline University  ,4
6268,Hardin-Simmons Univ  ,4
2309,Harrisburg Area C C  ,2
4340,Hartnell College  ,4
3442,Harvard University,4
4352,Hawaii Pacific Univ  ,4
5289,Haywood Cmty College  ,2
1361,Heartland Cmty Coll  ,2
1307,Henderson Cmty Coll  ,2
1293,Henry Ford Cmty Coll  ,2
2316,Herkimer Co Cmty Col  ,2
5293,High Point Univ  ,4
5304,Hillsborough C C  ,2
1296,Hinds Cmty College  ,2
2295,Hofstra University  ,4
5294,Hollins University  ,4
1299,Holmes Cmty College  ,2
3437,Holyoke Cmty College  ,2
1274,Hopkinsville Cmty C  ,2
5305,Horry-Georgetown Tech College  ,2
929,Houston Cmty College  ,2
5308,Howard Cmty College  ,2
6277,Howard College  ,4
2291,Hudson Co Cmty Coll  ,2
2300,Hudson Vly Cmty Coll  ,2
2301,Hunter College  ,4
1304,Huntington College  ,4
3440,Husson College  ,4
1312,Illinois Central C  ,4
6083,Indian Hills CC Centrv,2
5322,Indian River State College  ,4
1322,Indiana State Univ  ,4
2652,Indiana Uni Of Penna  ,4
1324,Indiana Univ Bloomng  ,4
1194,Indiana Univ East  ,4
**0025,Indiana University-Indianapolis,4
4,Institute for American University,4
**0008,Institute Intâ€™l Educ of Sch  ,4
**0005,Instituto de Communicacion Oaxaca S.C.,4
INTL,International (GENERIC)  ,4
5327,Intrnatl Fine Arts C  ,4
2324,Iona College  ,4
6195,Iowa Lakes Cc Emmtsb  ,2
6302,Iowa Wstrn Cc Cnclbl  ,2
5319,Isothermal Comm College  ,2
**ITAL,Italiaidea  ,4
6309,Itasca Cmty Coll  ,2
1326,Itawamba Cmty Coll  ,2
2325,Ithaca College  ,4
***022,Ivy Tech Community College  ,2
9917,Ivy Tech Community College ofIndiana,2
1311,Ivy Tech St Coll Ind  ,2
1939,J H Faulkner St Cc  ,2
5347,J Sargent Reynolds Cmty Coll  ,2
2266,Jackson St Cmty Clg  ,2
1736,Jacksonville St Univ  ,4
5392,James Madison Univ  ,4
2335,Jamestown Cmty Coll  ,2
2345,Jefferson Cmty C Ny  ,2
1352,Jefferson St C C  ,2
1357,John A Logan College  ,4
5342,John Tyler Cmty Coll  ,2
3465,Johnson & Wales Univ  ,4
3224,Johnson & Wales University  ,4
3404,Johnson & Wales University N Miami,4
4360,Johnson and Wales University  ,4
5333,Johnson C Smith Univ  ,4
1346,Joliet Jr College  ,2
***024,Jones International University  ,4
1378,Kalamazoo Valley C C  ,2
1380,Kankakee Cmty Coll  ,2
6334,Kansas State Univ  ,4
*0009,Kaplan University Online  ,4
***021,Keiser University - MelbourneCampus,4
5359,Kennesaw State University  ,4
1367,Kent State Univ  ,4
6341,Kilgore College  ,4
1373,Knoxville College  ,4
5973,Kwantlen University College  ,4
2379,La Roche College  ,4
6576,Labette Cmty College  ,2
1391,Lake Erie College  ,4
5376,Lake- Sumter State College  ,4
1422,Lakeland Cmty Coll  ,2
5363,Lander University,4
1414,Lansing Cmty College  ,2
1398,Lawrence University  ,4
1933,Lawson St C C  ,2
1401,Lee University  ,4
5364,Lees-McRae College  ,4
2381,Lehigh Carbon Cmty C  ,2
5378,Lenoir Cmty College  ,2
5365,Lenoir-Rhyne College  ,4
3483,Lesley College  ,4
4384,Lewis & Clark Coll  ,4
623,Lewis And Clark Cc  ,2
5385,Liberty University  ,4
5366,Limestone College,4
1406,Lincoln College  ,4
1428,Lincoln Land C C  ,2
1408,Lincoln Mem Univ  ,4
6367,Lindenwood College  ,4
6508,Lone Star College System  ,4
1417,Lorain Co Cmty Coll  ,2
5381,Lord Fairfax C C  ,2
4404,Los Angeles Missin C  ,4
4398,Los Angeles Pierce C  ,4
4409,Los Angeles Sw Coll  ,4
***018,Los Angeles Valley College  ,4
5369,Louisburg College  ,4
6373,Louisiana State Un  ,4
1427,Lourdes College  ,4
5370,Loyola College  ,4
6374,Loyola Univ Louisana  ,4
1521,Macomb Cc Center Cmp  ,2
1722,Macomb Cc South Cmp  ,2
5439,Macon College  ,4
1536,Madison Area Tech C  ,2
1437,Madonna University  ,4
***MCC,Maricopa Community College,2
1447,Marion Military Inst  ,4
5395,Mars Hill University,4
5396,Marshall University  ,4
6394,Marshalltown C C  ,2
5397,Mary Baldwin College  ,4
1452,Marygrove College  ,4
5399,Maryland Inst C Art  ,4
2406,Marymount College Ny  ,4
2405,Marymount Manhattn C  ,4
1454,Maryville Coll Tn  ,4
2407,Marywood College  ,4
789,McDowell Tech Cmty C  ,2
935,McGill University  ,4
5407,Medical Univ S C  ,4
1511,Memphis Coll Of Art  ,4
4517,Mendocino College  ,4
2444,Mercer Co Cmty Coll  ,2
5409,Mercer Univ Macon  ,4
2409,Mercy College  ,4
5410,Meredith College  ,4
3525,Merrimack College  ,4
4513,Mesa Cmty College  ,2
4484,Mesa State College  ,4
**0018,Metropolitan Community College  ,2
1463,Miami Univ Oxford  ,4
5465,Miami-Dade Comm Coll  ,2
1465,Michigan State Univ  ,4
5411,Middle Georgia Coll  ,4
1466,Middle Tenn St Univ  ,4
2441,Middlesex Co Coll  ,4
5584,Midlands Technical College  ,2
1469,Milligan College  ,4
6479,Minot State Univ  ,4
4582,Mira Costa College  ,4
1742,Miss Delta Comm Coll  ,2
1480,Mississippi State Un  ,4
5412,Mitchell Cmty Coll  ,2
3528,Mitchell College  ,4
4486,Modesto Jr College  ,2
443,Mohave Cmty Coll  ,2
2414,Mohawk Valley C C  ,2
2429,Monroe Cmty College  ,2
2462,Monroe Coll New Roch  ,4
2463,Monroe College Bronx  ,4
4488,Montana State Univ  ,4
2520,Montclair State Univ  ,4
785,Montgomery Cmty Coll  ,2
2445,Montgomery Co C C  ,2
5440,Montgry Coll Rckvlle  ,4
5423,Montreat College  ,4
4512,Moorpark College  ,4
1524,Moraine Valley C C  ,2
1487,Morehead St Univ  ,4
6415,Morningside College  ,4
5418,Morris College  ,4
*0008,Moscow State Academy of PE  ,4
2423,Mount Saint Mary Col  ,4
5501,N C Wesleyan Coll  ,4
850,Nashville State Tech  ,2
2563,Nassau Cmty College  ,2
3550,Naugatuck Vly C T C  ,4
6093,Neosho Co Cmty Coll  ,2
3657,New England College  ,4
3649,New Hampshire Coll  ,4
4531,New Mex St Univ U Pk  ,4
461,New Mexico St U Grnt  ,4
5513,New River Cmty Coll  ,2
2562,New York University  ,4
5493,Newberry College  ,4
2568,Niagara Co Cmty Coll  ,2
2558,Niagara University  ,4
6221,Nicholls St Univ  ,4
713,Nicolet Area Tech Cl  ,2
5003,North Car Agr T St U  ,4
5496,North Carolina St U  ,4
5507,North Georgia T V Sc  ,4
5498,North Greenville University  ,4
6498,North Hennepin C C  ,2
3883,NorthCentral University  ,4
6482,Northeast La Univ  ,4
453,Northeast State Community College,2
6531,Northeast Texas C C  ,2
**0NIU,Northeastern Illinois University,4
5095,Northeastern Technical College  ,2
4365,Northern Virginia Community College,2
1574,Northrn Ky Univ  ,4
5515,Northrn Virg Cc Anan  ,2
4541,Northwest College  ,4
1510,Northwest Florida State College,4
6492,Northwestern State U  ,4
7101,Northwst Arkansas Cc  ,2
1562,Northwst Miss C C  ,2
6488,Northwst Mo St Univ  ,4
1566,Notre Dame Colleg Oh  ,4
5514,Nova Southeastern U  ,4
3652,Nrthwstrn Ct C-Tech  ,2
2560,Nyack College  ,4
1585,Oakland City Univ  ,4
1607,Oakland Comm Coll  ,2
1497,Oakland University  ,4
1573,Oakton Cmty College  ,2
1430,Oglala Lakota Coll  ,4
5521,Oglethorpe Univ  ,4
3030,Ohio Christian University,4
1592,Ohio State Univ  ,4
1593,Ohio University  ,4
5526,Okaloosa-Walton C C  ,2
270,Oklahoma City Cmty C  ,2
6135,Oklahoma Wesleyan Univ,4
5126,Old Dominion Univ  ,4
2627,Onondaga Community College  ,2
**OUA,Open Universities Australia,4
5527,Orangeburg-Calhoun Tech  ,2
4586,Oregon St Univ  ,4
4588,Otero Jr College  ,2
6547,Ottawa University  ,4
6550,Our Lady Of The Lake  ,4
5487,Owens Cmty Coll  ,2
5531,Palm Bch Comm Coll  ,2
5553,Palm Beach Atl University,4
3730,Palo Alto College  ,4
4602,Palomar College  ,4
2179,Paradise Vly Cc Ctr  ,2
6573,Paris Jr College  ,2
4604,Pasadena City Coll  ,4
5562,Pasco-Hernando CC,2
5559,Pasco-Hrnando Cc Npr  ,2
5549,Patrick Henry Community College,2
5557,Paul D Camp C C  ,2
2640,Paul Smiths College  ,4
5533,Peace College  ,4
319,Pellissippi St Tec C  ,4
2660,Penn State Univ  ,4
5535,Pensacola State College  ,4
338,Peralta Community College District,2
5536,Pfeiffer College  ,4
5537,Piedmont College  ,4
5518,Piedmont Comm Coll  ,2
5550,Piedmont Tech Coll  ,2
5561,Piedmont Virginia Cc  ,2
4291,Pikes Peak Cc  ,2
4623,Pima Community Coll  ,2
5556,Pitt Community Coll  ,2
1547,Point University,4
5548,Polk Cmty College  ,2
4617,Portland Cmty Coll  ,2
4610,Portland St Univ  ,4
2669,Pratt Institute  ,4
5540,Presbyterian College  ,4
**0017,Presbyterian Univ-Mackenzie  ,4
5545,Prince Georges C C  ,2
1631,Purdue Univ W Lafyte  ,4
**PURD,Purdue University,4
5560,Queens Coll Nc  ,4
3716,Quinebaug Vly Ctc  ,4
3714,Quinsigamond C C  ,2
5585,Randolph Cmty Coll  ,2
5567,Randolph-Macon W Col  ,4
5590,Rappahannock Cc Glns  ,2
2867,Raritan Vly Cmty Clg  ,2
2743,Reading Area C C  ,2
7324,Redlands Cmty Coll  ,2
5568,Reinhardt College  ,4
3724,Rhode Island College  ,4
1730,Rhodes College  ,4
6609,Rice University  ,4
5574,Richard Bland Coll  ,4
6607,Richland College  ,4
4657,Ricks College  ,4
2758,Rider University  ,4
5573,Ringling Sch Art Des  ,4
997,Rio Salado Cmty Coll  ,2
4658,Riverside Cmty Coll  ,2
1656,Roane St Cmty Coll  ,2
5571,Roanoke College  ,4
2759,Roberts Wesleyan Col  ,4
2760,Rochester Inst Tech  ,2
1674,Rock Valley College  ,4
6611,Rockhurst College  ,4
5582,Rockingham Cmty Coll  ,2
***RC,Rockport College  ,4
2515,Rowan Coll New Jersy  ,4
5589,Rowan-Cabbarrus Comm College,4
2736,Rutgers U Sch Arts  ,4
5596,Saint Augustines University  ,4
**0016,Saint Leo University  ,4
5607,Salem Coll Nc  ,4
172682,Salina Area Vocational Tech Sc  ,2
4864,Salt Lake Cmty Coll  ,2
6643,Sam Houston St Univ  ,4
1302,Samford University  ,4
6645,San Antonio College  ,4
4681,San Diego City Coll  ,4
6694,San Jacinto C Centrl  ,4
6729,San Jacinto C North  ,4
4706,San Joaquin Delta Cl  ,4
4732,San Juan College  ,4
5649,Sandhills Cmty Coll  ,2
5653,Santa Fe Cmty Coll  ,2
4692,Santa Rosa Jr Coll  ,2
5631,Savannah C Art Desgn  ,4
5618,SC State University,4
***020,Sch of Prof Studies - University Cntr,4
1764,Schoolcraft College  ,4
6647,Schreiner College  ,4
4755,Scottsdale Cmty Coll  ,2
7050,Seastrn Bapt Theol S  ,4
5662,Seminole Cmty Coll  ,2
316,Seminole Junior Coll  ,2
2811,Seton Hall Univ  ,4
5613,Shenandoah Univ  ,4
***019,Sherman College of Chiropractic,4
5616,Shorter Coll Rome  ,4
4697,Sierra College  ,4
1720,Sinclair Cmty Coll  ,2
4066,Soka University of America,4
4930,Solano Cmty College  ,2
1779,Somerset Cmty Coll  ,2
4723,Sonoma State Univ  ,4
5619,South Georgia Colleg  ,4
4734,South Mountain C C  ,2
457,South Piedmont Comm College  ,2
1727,Southern Adventist University  ,4
6661,Southern Ar Univ  ,4
1728,Southern Union State  ,4
5896,Southern Wesleyan U  ,4
6656,Southestrn La Univ  ,4
770,Southrn Wv Cmty Coll  ,2
6664,Southwest Baptist Un  ,4
6703,Southwest State Univ  ,4
274,Southwest Tennessee Cmty Cl  ,2
6669,Southwestern A/G Col  ,4
5667,Southwestern Comm Co  ,2
1057,Southwestern Illinois College  ,4
5659,Southwst Va Cmty Col  ,2
5668,Spartanburg Community College  ,2
5627,Spartanburg Methodist College  ,2
1643,Spoon River College,4
1628,St Clair Co Cmty Col  ,2
4737,St Johns College Nm  ,4
5641,St Johns River C C  ,2
6629,St Louis Univ  ,4
6637,St Marys University  ,4
1706,St Norbert College  ,4
534,St Paul Tech Coll  ,2
2806,St Peters College  ,4
5606,St Petersburg College  ,4
496,Stanly Cmty College  ,2
1688,Stark Tech College  ,2
5427,State College of Florida-Bradenton,4
5630,Stetson University  ,4
2827,Suffolk Co Cc Ammrmn  ,2
3771,Suffolk University  ,4
2925,Suny Buffalo  ,4
2524,Suny Clg Ag Tech Cob  ,2
2542,Suny Coll Oneonta  ,4
2545,Suny Coll Potsdam  ,4
2523,Suny Coll Tech Cnton  ,2
5656,Surry Cmty Coll  ,2
5634,Sweet Briar College  ,4
2823,Syracuse University  ,4
4820,Taft College  ,4
5794,Tallahassee C C  ,2
687228,Tampines Junior College,2
6834,Tarrant Co Jr Ftwrth  ,2
6837,Tarrant County  College,4
6845,Tarrant County Jr Coll Nw Cmp  ,2
5047,Technical College of the Lowcountry,2
2906,Temple University  ,4
6820,Texas Christian Univ  ,4
6826,Texas Womans Univ  ,4
**Amer,The American University of Paris,4
**CHIN,The Chinese Univ of Hong Kong  ,4
*00016,The College of New Jersey  ,4
1145,The University of the Cumberlands,4
1876,Thomas More College  ,4
5793,Thomas Nelson C C  ,2
6836,Three Rivers C C  ,2
3558,Three Rvrs Cmty Tech  ,2
5226,Tidewater Cc Portsmt  ,2
5032,Tidewater Community College  ,2
2904,Tompkins-Cortland Cc  ,2
5789,Tri County Technical College,2
5785,Tri-County Community  College  ,2
1811,Tri-State University  ,4
5551,Trident Tec C Palmer  ,4
5049,Trident Tech Coll N  ,2
4821,Trinidad St Jr Coll  ,2
6271,Trinity Valley Community College,2
346,Troy St Univ Dothan  ,4
1798,Troy St Univ Montgmy  ,4
1738,Troy State Univ Troy  ,4
5798,Truett-McConnell College,4
**TUCC,Tulsa Community College  ,2
3897,Tunxis Community College,2
1812,Tusculum College  ,4
6870,U Houston Main Cmps*  ,4
1831,U T At Chattanooga  ,4
337,UEES  ,4
2938,Ulster Co Cmty Coll  ,2
6878,Un N Dakota Grnd Frk  ,4
5913,Unc At Greensboro  ,4
5816,UNC Chapel Hill  ,4
5105,"UNC-Charlotte, UG Admissions  ",4
1826,Union University  ,4
6007,Univ Arkansas Montcl  ,4
965,Univ British Columba  ,4
4835,Univ Calif Santa Bar  ,4
4860,Univ Calif Santa Crz  ,4
4836,Univ California Sn D  ,4
6012,Univ Cntral Arkansas  ,4
4874,Univ Colo Colo Sprgs  ,4
4841,Univ Colorado Bouldr  ,4
4875,Univ Colorado Denver  ,4
1835,Univ Detroit Mercy  ,4
5929,Univ Dist Columbia  ,4
5812,Univ Florida  ,4
5813,Univ Georgia Athens  ,4
4867,Univ Hawaii At Manoa  ,4
1042,Univ Hawaii W Oahu  ,4
6916,Univ Houston Clr Lke  ,4
6922,Univ Houston Dwntwn  ,4
4843,Univ Idaho  ,4
1851,Univ Il Chicago  ,4
1836,Univ Illinois Urbana  ,4
1837,Univ Kentucky Lexngt  ,4
970,Univ Laverne Athens  ,4
3929,Univ Maine Augusta  ,4
5814,Univ Maryland Col Pk  ,4
3924,Univ Mass Boston  ,4
3786,Univ Mass Dartmth  ,4
3911,Univ Mass Lowell  ,4
5835,Univ Md Baltimore Co  ,4
6873,Univ Minn Duluth  ,4
6874,Univ Minnesota Mpls  ,4
6872,Univ Missouri Kanscy  ,4
6889,Univ Missouri Stlous  ,4
4489,Univ Montana  ,4
6420,Univ Nebraska Omaha  ,4
4861,Univ Nevada Lasvegas  ,4
5490,Univ North Florida  ,4
6481,Univ North Texas  ,4
6307,Univ Northern Iowa  ,4
4074,Univ Nthrn Colorado  ,4
5419,Univ Of Charleston  ,4
3915,Univ Of Connecticut  ,4
1208,Univ Of Evansville  ,4
4844,Univ Of Nevada Reno  ,4
4845,Univ Of New Mexico  ,4
2926,Univ Of Pennsylvania  ,4
1024,Univ of Phoenix,4
6110,Univ Of Saint Thomas  ,4
4849,Univ Of San Diego  ,4
5828,Univ of South Florida,4
1335,Univ of Southern Indiana  ,4
1479,Univ Of Southern Ms  ,4
3920,Univ Of Vermont  ,4
5820,Univ Of Virginia  ,4
4065,Univ Pacific  ,4
2940,Univ Pittsbrgh Gnstd  ,4
2927,Univ Pittsbrgh Pitts  ,4
4067,Univ Puget Sound  ,4
5569,Univ Richmond  ,4
2928,Univ Rochester  ,4
1880,Univ South Alabama  ,4
5818,Univ South Carolina  ,4
3691,Univ Southern Maine  ,4
1843,Univ Tennessee Knox  ,4
1844,Univ Tennessee Martn  ,4
6829,Univ Texas El Paso  ,4
6919,Univ Texas San Anton  ,4
389,Univ Texas Tyler  ,4
1845,Univ Toledo  ,4
982,Univ Toronto  ,4
4854,Univ Washington  ,4
5833,Univ West Florida  ,4
1889,Univ Wisc Fox Valley  ,4
1859,Univ Wisc Green Bay  ,4
1846,Univ Wisc Madison  ,4
1916,Univ Wisc Oshkosh  ,4
1999,Univ Wisc Waukesha  ,4
938,Universidad Americas  ,4
**025,Universidad de Monterrey  ,4
**0019,Universidad InterAmericana dePuerto Rico,4
**UMII,Universite Montpellier II  ,4
***025,University  of Belgrano  ,4
1856,University of  Alabama (Birmingham),4
5233,University of  Central Florida,4
5013,University of  North Carolina Asheville,4
1829,University Of Akron  ,4
1830,University of Alabama  ,4
1854,University of Alabama Huntsville,4
4866,University of Alaska (Fairbanks),4
6220,University of Arkansas - FortSmith,4
****UC,University of Cambridge,4
6091,University of Central Oklahoma  ,4
4842,University Of Denver  ,4
1120,University of Fine Arts & Design Ganexa,4
6681,University Of Iowa  ,4
4381,University of La Verne  ,4
**0411,University of Madras  ,4
*0001,University of Malaga - Spain  ,4
**UMCP,University of Maryland College Park,4
**0007,University of Minnesota - Twin Cities,4
1840,University Of Miss  ,4
**UNCS,University of NC School of the Arts,4
2954,University of North Carolina  ,4
*0002,University of Salamanca - Spain,4
5819,University Of Tampa  ,4
$A002,University of the West Indies  ,4
5900,University of West Georgia  ,4
1601,University of West Georgia,4
881,University Stirling  ,4
4855,University Wyoming  ,4
923,Universty Of Glasgow  ,4
**0003,Unknown  ,4
5840,USC Aiken  ,4
5845,Usc Beaufort  ,4
5849,Usc Lancaster  ,4
5847,Usc Salkehatchie  ,4
5821,Usc Sumter  ,4
5846,Usc Union  ,4
5850,USC Upstate  ,4
4857,Utah St Univ  ,4
5855,Valdosta St Univ  ,4
5869,Valencia Cmty Coll  ,2
1874,Valparaiso Universty  ,4
1871,Vanderbilt Univ  ,4
1872,Vandercook Coll Mus  ,4
1877,Vincennes University  ,4
5570,Virginia Comm Univer  ,4
5857,Virginia Intrmt Coll  ,4
5858,Virginia Miltry Inst  ,4
5868,Virginia Westrn C C  ,2
1881,Volunteer St Com Col  ,2
5863,Voorhees College  ,4
6933,Voorhess College,4
1000,Voronezh State University  ,4
5885,Wake Forest Univ  ,4
5928,Wake Technical Coll  ,2
528,Wallace Cc Hncvlle  ,2
1926,Walsh University  ,4
1893,Walters St C C  ,2
5886,Warren Wilson Coll  ,4
6929,Washington Univ  ,4
290138,Washoe High School  ,4
1935,Washtenaw Cmty Coll  ,2
1938,Waubonsee Cmty Coll  ,2
1898,Wayne State Univ  ,4
6931,Weatherford College  ,4
4941,Weber St Univ  ,4
2971,Wells College  ,4
2659,West Chester Univ Pa  ,4
6938,West Tx A&M Univ  ,4
4958,West Valley Coll  ,4
5902,West Virginia Inst T  ,4
5904,West Virginia Univ  ,4
1023,Westchester Bus Inst  ,4
2972,Westchester Cmty Col  ,2
5897,Western Carolina Unv  ,4
1901,Western Kentucky Uni  ,4
2974,Westminster Choir Co  ,4
4948,Westminster Coll Slc  ,4
2968,Westmoreland Co C C  ,2
4945,Westrn Montana Coll  ,4
4585,Westrn Oregon St Clg  ,4
6939,Wharton Co Jr Coll  ,2
1905,Wheaton College  ,4
3964,Wheelock College  ,4
4953,Whitworth College  ,4
2642,Widener University  ,4
5921,Wilkes Community Col  ,2
2518,William Patersn C Nj  ,4
6658,Williams Baptist University,4
5892,Williamsburg Tech C  ,2
5930,Wilson Tech C C  ,2
5908,Wingate University  ,4
5909,Winston-Salem St U  ,4
5910,Winthrop University  ,4
1513,Wisc Lutheran Coll  ,4
1580,Wisconsin Indianhead Technical College,2
5912,Wofford College  ,4
4955,Woodbury University  ,4
1613,Wor-Wic Cmty Coll  ,2
1179,Wright State U Daytn  ,4
6975,Xavier Univ La  ,4
1965,Xavier University  ,4
31229,YORK COUNTY COMMUNITY COLLEGE,2
5989,York Technical College  ,2
5990,Young Harris Coll  ,4
